,nama produk,harga,toko,asal,rating,terjual
0,Geli Food Seblak Ceker Tanpa Tulang Super Pedas 180gr,Rp22.999,Lidigeli,Kab. Garut,5.0,70+ terjual
1,"Kylafood Seblak Rempah Autentik 115gr, Seblak Instan Halal",Rp9.900,Brother Meat Shop,Depok,4.9,100+ terjual
2,"Seblak Rafael, Seblak Coet Instan Halal",Rp25.000,Brother Meat Shop,Depok,4.9,250+ terjual
3,"Kylafood Seblak Cup Instan, Halal",Rp11.500,Brother Meat Shop,Depok,5.0,80+ terjual
4,Seblak Instan,Rp8.000,ROEMAH MOSLEM,Kab. Boyolali,5.0,50+ terjual
5,"Seblak Rafael, Seblak Coet Instan Halal",Rp25.000,Brother Meat Shop,Depok,4.9,250+ terjual
6,Seblak Instan Pedas Home Made,Rp3.500,the Dhecip,Tangerang Selatan,4.9,3rb+ terjual
7,SAMBAL SEBLAK BY MAMANG RAFAEL ORIGINAL HALAL VIRAALLL,Rp39.000,Beauty DELUXE,Jakarta Barat,5.0,17 terjual
8,Kylafood Seblak Cup,Rp11.000,Kylafood Jakarta,Jakarta Selatan,5.0,100+ terjual
9,SEBLAK INSTANT TERMURAH,Rp4.450,Pusat Cuankie & Cemilan Frozen,Jakarta Timur,4.8,10rb+ terjual
10,SEBLAK INSTANT TERMURAH,Rp4.450,Pusat Cuankie & Cemilan Frozen,Jakarta Timur,4.8,10rb+ terjual
11,"Seblak Rafael, Seblak Coet Instan Halal",Rp25.000,Brother Meat Shop,Depok,4.9,250+ terjual
12,SEBLAK INSTAN MAMANG TERMURAH,Rp4.200,global cookware1,Jakarta Barat,4.9,250+ terjual
13,Seblak Instan Pedas Home Made,Rp3.500,the Dhecip,Tangerang Selatan,4.9,3rb+ terjual
14,"Kylafood Seblak Cup Instan, Halal",Rp11.500,Brother Meat Shop,Depok,5.0,80+ terjual
15,cuanki tahu kering seblak atau batagor kering isi 150 pcs,Rp34.000,CUANKI CULAMETAN,Kab. Garut,4.9,100+ terjual
16,Seblak Ceker Instant | Seblak Ceker Cap Dia Putra | Seblak Ceker,Rp7.500,GshoesTreatment,Kab. Bogor,5.0,40+ terjual
17,KERUPUK MAWAR KERUPUK BAWANG BUAT SEBLAK RAFAEL - 1/4 kg,Rp7.500,Toko Toucan,Malang,5.0,7 terjual
18,Seblak Putih Pedas / Kerupuk Bawang Pedas Odjolali Oleh Oleh Bsndung,Rp9.000,The Little Snacks,Tangerang Selatan,4.9,1rb+ terjual
19,seblak instan jawara pedas sehot bandung,Rp13.000,cemilan Bandungstore,Cimahi,4.9,60+ terjual
20,KERUPUK PEDAS KRIWIL BANTAT ISI 250gr KRITING SEMBRING SEBLAK MAWAR,Rp17.248,AHR Jaya Snack,Jakarta Timur,5.0,60+ terjual
21,Seblak Basranger Extra Pedas 200gr,Rp17.300,Rak Sebelah,Jakarta Pusat,4.9,250+ terjual
22,cuanki lidah khas garut 50 pcs enak untuk baso aci dan seblak ( BRY ),Rp15.999,aghniya,Tangerang Selatan,4.9,500+ terjual
23,Seblak RAFAEL | Seblak MAMANG RAFAEL | Seblak Viral,Rp40.000,Naturally Plus Jakarta,Kab. Tangerang,4.9,250+ terjual
24,seblak / paket seblak bumbu komplit pedas ekonomis,Rp3.479,Grosir Putra Bdg,Kab. Bandung,4.8,250+ terjual
25,SEBLAK INSTANT TERMURAH,Rp4.450,Pusat Cuankie & Cemilan Frozen,Jakarta Timur,4.8,10rb+ terjual
26,"Seblak Rafael, Seblak Coet Instan Halal",Rp25.000,Brother Meat Shop,Depok,4.9,250+ terjual
27,SEBLAK INSTAN MAMANG TERMURAH,Rp4.200,global cookware1,Jakarta Barat,4.9,250+ terjual
28,Seblak Instan Pedas Home Made,Rp3.500,the Dhecip,Tangerang Selatan,4.9,3rb+ terjual
29,"Kylafood Seblak Cup Instan, Halal",Rp11.500,Brother Meat Shop,Depok,5.0,80+ terjual
30,Kylafood Seblak Tulang Rawan Play,Rp19.600,kylafood,Bandung,4.9,500+ terjual
31,BELI 3 SEBLAK FREE 1 KEJU AROMA,Rp64.000,Sajodo Snack & Food,Tasikmalaya,5.0,18 terjual
32,Kylafood Mix Fav Selebgram Seblak Original & Batagor kuah,Rp40.000,kylafood,Bandung,4.6,60+ terjual
33,Seblak Tulang Rangu Nyai Mercon,Rp21.000,Jajanan Hits (JS),Tangerang Selatan,5.0,30+ terjual
34,SEBLAK CIRENG SHAZA SEBLAK INSTAN,Rp12.000,Dingdong Food,Tangerang Selatan,4.9,70+ terjual
35,"seblak kering pedas 250 gr/seblak kencur/kerupuk seblak,enak dan gurih",Rp9.999,aghniya,Tangerang Selatan,4.8,500+ terjual
36,Kerupuk Seblak Merah 1 Kg,Rp24.500,KedaiMart Official Store,Tangerang,5.0,25 terjual
37,SEBLAK INSTAN TERMURAH,Rp3.500,Cemilan-Ce,Kab. Sidoarjo,4.9,100+ terjual
38,Geli Food Seblak Ceker Tanpa Tulang Super Pedas 180gr,Rp22.999,Lidigeli,Kab. Garut,5.0,70+ terjual
39,"CUANKI SIOMAY TOPING BASO ACI, MIE INSTAN, SEBLAK",Rp17.999,global cookware1,Jakarta Barat,4.8,500+ terjual
40,SEBLAK INSTANT TERMURAH,Rp4.450,Pusat Cuankie & Cemilan Frozen,Jakarta Timur,4.8,10rb+ terjual
41,"Seblak Rafael, Seblak Coet Instan Halal",Rp25.000,Brother Meat Shop,Depok,4.9,250+ terjual
42,SEBLAK INSTAN MAMANG TERMURAH,Rp4.200,global cookware1,Jakarta Barat,4.9,250+ terjual
43,Seblak Instan Pedas Home Made,Rp3.500,the Dhecip,Tangerang Selatan,4.9,3rb+ terjual
44,"Kylafood Seblak Cup Instan, Halal",Rp11.500,Brother Meat Shop,Depok,5.0,80+ terjual
45,Kylafood Paket 2 Seblak Original 3 Batagor Kuah,Rp102.800,kylafood,Bandung,4.9,250+ terjual
46,Baso Aci Instan Murah Asli Bandung (Reseller),Rp5.702,Berkah Food Bandung,Cimahi,4.9,10rb+ terjual
47,Kylafood Seblak Rempah Autentik isi (10pcs),Rp87.200,kylafood,Bandung,4.9,50+ terjual
48,Geli Chips - Seblak Kering Pedas Gurih Daun Jeruk 65gr,Rp10.200,Foodstocks,Jakarta Selatan,5.0,40+ terjual
49,Kylafood Seblak Mie Baso,Rp22.000,kylafood,Bandung,4.9,4rb+ terjual
50,(HARGA TERMURAH) seblak instan mantap,Rp3.900,baso aci zahra,Kab. Bandung,4.7,1rb+ terjual
51,Kerupuk Seblak Rafael / Seblak Pedas 250 Gram - Tam Snack,Rp15.000,TAM SNACK,Depok,5.0,9 terjual
52,Seblak Instan LALA komplit rasa mantap ngeunah raos pisan khas Bandung,Rp57.000,Seblak carla,Tangerang,5.0,90+ terjual
53,BASO ACI INSTANT x SEBLAK INSTANT - HALU! EMAK INDAH FOOD,Rp44.600,Pempek Emak Indah,Jakarta Barat,4.9,50+ terjual
54,Seblak Instan Kenyang Murah Asli Bandung Reseller Tanpa Pengawet,Rp6.173,Berkah Food Bandung,Cimahi,4.9,7rb+ terjual
55,SEBLAK INSTANT TERMURAH,Rp4.450,Pusat Cuankie & Cemilan Frozen,Jakarta Timur,4.8,10rb+ terjual
56,"Seblak Rafael, Seblak Coet Instan Halal",Rp25.000,Brother Meat Shop,Depok,4.9,250+ terjual
57,SEBLAK INSTAN MAMANG TERMURAH,Rp4.200,global cookware1,Jakarta Barat,4.9,250+ terjual
58,Seblak Instan Pedas Home Made,Rp3.500,the Dhecip,Tangerang Selatan,4.9,3rb+ terjual
59,"Kylafood Seblak Cup Instan, Halal",Rp11.500,Brother Meat Shop,Depok,5.0,80+ terjual
60,Basranger Baso Aci Cuanki Extra Pedas 200gr - Makanan Instan Premium,Rp23.400,Rak Sebelah,Jakarta Pusat,4.9,100+ terjual
61,Emping Balado 130g,Rp13.500,oke snack,Jakarta Selatan,4.9,100+ terjual
62,Baso Aci Basrenger Extra Pedas 230gr,Rp17.300,Rak Sebelah,Jakarta Pusat,4.8,2rb+ terjual
63,Kerupuk Kemplang Palembang Cap Satu Ikan,Rp19.000,Pisang Goreng Madu Bu Nanik,Jakarta Barat,4.9,1rb+ terjual
64,Bundle 3pcs - Baso Aci Tulang Rangu Basranger 200gr Makanan Instan,Rp67.900,Rak Sebelah,Jakarta Pusat,4.9,100+ terjual
65,Sabring kerupuk seblak kering pedas 75 gram,Rp5.000,RIKI STORE 97,Kab. Bogor,4.2,28 terjual
66,Mie Seblak Geprek Sami Raos Khas Garut Seblak Instant Kekinian 160gr,Rp19.700,Gerai Snack Official Shop,Kab. Tangerang,4.7,100+ terjual
67,KERUPUK SEBLAK PUTIH PEDAS 250 gr,Rp16.000,Kurniarasa Baltos,Bandung,4.9,250+ terjual
68,"seblak kerupuk jengkol pedas bumbu basah COD,asli Bandung",Rp12.500,SEBLAK MANTUL,Kab. Bandung,4.8,15 terjual
69,Kerupuk Seblak kering pedas RIKI,Rp8.800,Van Kios,Bandung,4.9,1rb+ terjual
70,SEBLAK INSTANT TERMURAH,Rp4.450,Pusat Cuankie & Cemilan Frozen,Jakarta Timur,4.8,10rb+ terjual
71,"Seblak Rafael, Seblak Coet Instan Halal",Rp25.000,Brother Meat Shop,Depok,4.9,250+ terjual
72,SEBLAK INSTAN MAMANG TERMURAH,Rp4.200,global cookware1,Jakarta Barat,4.9,250+ terjual
73,Seblak Instan Pedas Home Made,Rp3.500,the Dhecip,Tangerang Selatan,4.9,3rb+ terjual
74,"Kylafood Seblak Cup Instan, Halal",Rp11.500,Brother Meat Shop,Depok,5.0,80+ terjual
75,seblak ala mamang Rafael pedas mantull,Rp5.000,cemilan Bandungstore,Cimahi,5.0,15 terjual
76,Seblak Instan Sehati,Rp13.000,Official Kartika Sari,Bandung,5.0,500+ terjual
77,"Paket Happy (Seblak Original, Batagor Kuah, Bacil)",Rp55.875,kylafood,Bandung,4.9,500+ terjual
78,seblak kerupuk bantet pedas 250gram - kerupuk bantet seblak pedas,Rp16.000,Jajanan Bandung 17,Bandung,3.8,11 terjual
79,Kylafood Seblak Original Isi 10 pcs,Rp172.000,kylafood,Bandung,5.0,14 terjual
80,kerupuk seblak pedas daun jeruk 1/2 kg,Rp20.000,hokinaCemilan,Cimahi,4.9,250+ terjual
81,kerupuk seblak bintang pedas,Rp15.500,keyz shop78,Bandung,4.8,60+ terjual
82,KRUPUK SEBLAK / KRUPUK BAWANG PEDAS 30 GRAM,Rp2.500,temencemalcemil,Jakarta Barat,5.0,8 terjual
83,Krupuk Seblak Kencur 250 gram,Rp12.000,Hosana Snack,Bogor,4.9,100+ terjual
84,SIOMAY MINI KERING 5 KG Garut campuran bahan baso Aci dan seblak,Rp140.999,ArfaOnlineShop,Tangerang,,11 terjual
85,SEBLAK INSTANT TERMURAH,Rp4.450,Pusat Cuankie & Cemilan Frozen,Jakarta Timur,4.8,10rb+ terjual
86,"Seblak Rafael, Seblak Coet Instan Halal",Rp25.000,Brother Meat Shop,Depok,4.9,250+ terjual
87,SEBLAK INSTAN MAMANG TERMURAH,Rp4.200,global cookware1,Jakarta Barat,4.9,250+ terjual
88,Seblak Instan Pedas Home Made,Rp3.500,the Dhecip,Tangerang Selatan,4.9,3rb+ terjual
89,"Kylafood Seblak Cup Instan, Halal",Rp11.500,Brother Meat Shop,Depok,5.0,80+ terjual
90,Kerupuk seblak pedas,Rp15.000,MACALONI SNACK,Cimahi,5.0,7 terjual
91,Kylafood Seblak Original,Rp17.200,kylafood,Bandung,4.9,10rb+ terjual
92,Seblak Kering Gurih 65gram - Cikuran 65gr,Rp10.965,Lidigeli,Kab. Garut,5.0,100+ terjual
93,Kerupuk seblak - cemilan murah kaleastores,Rp13.500,kaleastores,Kab. Banyuwangi,,
94,kerupuk seblak pedas 1 kg - 1/2 kg,Rp25.500,Bintang Snack & Camilan,Semarang,5.0,100+ terjual
95,Cuanki tahu Gepeng Geprek isi 20 pcs toping seblak baso Aci baso,Rp8.500,Distributor Cuanki dan Seblak,Kab. Bekasi,4.8,90+ terjual
96,SEBLAK KERUPUK SIKAYA,Rp11.000,sinergi snack,Depok,5.0,100+ terjual
97,KERUPUK PEDAS KRIWIL 500gr / KRUPUK SEBLAK SUPER PEDAS,Rp32.200,AHR Jaya Snack,Jakarta Timur,5.0,9 terjual
98,Pasar Keripik Cimol Seblak Pedas size Kecil 130g,Rp12.500,Pasar Keripik Bandung,Bandung,4.9,500+ terjual
99,Seblak,Rp12.000,anto frozen food,Tangerang,4.9,50+ terjual
100,SEBLAK INSTANT TERMURAH,Rp4.450,Pusat Cuankie & Cemilan Frozen,Jakarta Timur,4.8,10rb+ terjual
101,"Seblak Rafael, Seblak Coet Instan Halal",Rp25.000,Brother Meat Shop,Depok,4.9,250+ terjual
102,SEBLAK INSTAN MAMANG TERMURAH,Rp4.200,global cookware1,Jakarta Barat,4.9,250+ terjual
103,Seblak Instan Pedas Home Made,Rp3.500,the Dhecip,Tangerang Selatan,4.9,3rb+ terjual
104,"Kylafood Seblak Cup Instan, Halal",Rp11.500,Brother Meat Shop,Depok,5.0,80+ terjual
105,cuanki pangsit segitiga atau cipet isi 40 pcs toping seblak baso aci,Rp13.999,CUANKI CULAMETAN,Kab. Garut,4.8,90+ terjual
106,Sami Raos Cuanki Geprek Instan,Rp18.270,Foodstocks,Jakarta Selatan,4.8,50+ terjual
107,Pilus Cikur / Toping Baso Aci Seblak - 250gram,Rp9.000,TOKO BILQIS OFFICIAL STORE,Kab. Jombang,5.0,7 terjual
108,Kakarak - Cireng Kuah Juaranya Aci Goreng Spesial Bandung - 250gr,Rp13.292,Kakarak Food Official,Bandung,,1 terjual
109,cuanki lidah aci 10 pcs murah toping seblak baso aci,Rp3.500,CuankiCulametan,Kab. Garut,5.0,70+ terjual
110,SEBLAK GEPREK SAMIRAOS / SEBLAK MIE / SEBLAK SOUN / SEBLAK INSTAN,Rp17.850,TOBELO SHOP,Tangerang,4.8,100+ terjual
111,3 SEBLAK FREE BASO ACI,Rp63.000,Sajodo Snack & Food,Tasikmalaya,5.0,28 terjual
112,Seblak Cobek Seblak Rafael Seblak Ala Rafael_1616 Seblak Sambel Kencur,Rp8.782,NomeL Shop,Surabaya,4.8,30+ terjual
113,"siomay kering bandung 500 gr. untuk baso aci, seblak ,mie ayam dll",Rp14.999,aghniya,Tangerang Selatan,4.9,750+ terjual
114,siomay mini kering 1kg toping seblak baso aci,Rp25.000,CUANKI CULAMETAN,Kab. Garut,5.0,100+ terjual
115,SEBLAK INSTANT TERMURAH,Rp4.450,Pusat Cuankie & Cemilan Frozen,Jakarta Timur,4.8,10rb+ terjual
116,"Seblak Rafael, Seblak Coet Instan Halal",Rp25.000,Brother Meat Shop,Depok,4.9,250+ terjual
117,SEBLAK INSTAN MAMANG TERMURAH,Rp4.200,global cookware1,Jakarta Barat,4.9,250+ terjual
118,Seblak Instan Pedas Home Made,Rp3.500,the Dhecip,Tangerang Selatan,4.9,3rb+ terjual
119,"Kylafood Seblak Cup Instan, Halal",Rp11.500,Brother Meat Shop,Depok,5.0,80+ terjual
120,Geli Food Seblak Ceker Tanpa Tulang Super Pedas 180gr,Rp22.999,Lidigeli,Kab. Garut,5.0,70+ terjual
121,"Seblak Rafael, Seblak Coet Instan Halal",Rp25.000,Brother Meat Shop,Depok,4.9,250+ terjual
122,"Kylafood Seblak Rempah Autentik 115gr, Seblak Instan Halal",Rp9.900,Brother Meat Shop,Depok,4.9,100+ terjual
123,"Kylafood Seblak Cup Instan, Halal",Rp11.500,Brother Meat Shop,Depok,5.0,80+ terjual
124,Seblak Instan,Rp8.000,ROEMAH MOSLEM,Kab. Boyolali,5.0,50+ terjual
125,seblak geprek,Rp18.500,Jajanan Hits (JS),Tangerang Selatan,5.0,9 terjual
126,Seblak Bapper,Rp17.500,Yokis Store,Bandung,4.9,250+ terjual
127,Seblak baso aci / Soaci tulang rangu khas Garut Ajib,Rp24.000,Cikiku Shop,Tangerang Selatan,5.0,15 terjual
128,Seblak Instan RC Karawang | Seblak Instan Prasmanan Oleh-Oleh Karawang,Rp15.500,TOKO KAMI789,Kab. Karawang,,
129,Seblak Instant Mommy,Rp12.200,Jacqkids,Bandung,4.8,500+ terjual
130,SEBLAK INSTANT TERMURAH,Rp4.450,Pusat Cuankie & Cemilan Frozen,Jakarta Timur,4.8,10rb+ terjual
131,"Seblak Rafael, Seblak Coet Instan Halal",Rp25.000,Brother Meat Shop,Depok,4.9,250+ terjual
132,SEBLAK INSTAN MAMANG TERMURAH,Rp4.200,global cookware1,Jakarta Barat,4.9,250+ terjual
133,Seblak Instan Pedas Home Made,Rp3.500,the Dhecip,Tangerang Selatan,4.9,3rb+ terjual
134,"Kylafood Seblak Cup Instan, Halal",Rp11.500,Brother Meat Shop,Depok,5.0,80+ terjual
135,Geli Food Seblak Ceker Tanpa Tulang Super Pedas 180gr,Rp22.999,Lidigeli,Kab. Garut,5.0,70+ terjual
136,"Seblak Rafael, Seblak Coet Instan Halal",Rp25.000,Brother Meat Shop,Depok,4.9,250+ terjual
137,"Kylafood Seblak Rempah Autentik 115gr, Seblak Instan Halal",Rp9.900,Brother Meat Shop,Depok,4.9,100+ terjual
138,"Kylafood Seblak Cup Instan, Halal",Rp11.500,Brother Meat Shop,Depok,5.0,80+ terjual
139,Seblak Instan,Rp8.000,ROEMAH MOSLEM,Kab. Boyolali,5.0,50+ terjual
140,kerupuk seblak pedas daun jeruk 100g,Rp5.000,hokinaCemilan,Cimahi,4.8,250+ terjual
141,Seblak Uleg || Viral,Rp8.000,RN FROZEN FOOD,Jakarta Selatan,,11 terjual
142,Seblak ala Kang Rafael | Seblak Viral | Seblak Cobek Spesial Paxel,Rp9.916,vieka mart official,Tangerang Selatan,5.0,8 terjual
143,KERUPUK ORANGE / KERUPUK MENTAH / KERUPUK SEBLAK / KERUPUK KEMPLANG,Rp5.000,aktir_snack,Bandung,,
144,KERUPUK SNACK SEBLAK ADA 5 VARIAN LEVEL,Rp12.500,BoboShop805,Jakarta Utara,5.0,6 terjual
145,SEBLAK INSTANT TERMURAH,Rp4.450,Pusat Cuankie & Cemilan Frozen,Jakarta Timur,4.8,10rb+ terjual
146,"Seblak Rafael, Seblak Coet Instan Halal",Rp25.000,Brother Meat Shop,Depok,4.9,250+ terjual
147,SEBLAK INSTAN MAMANG TERMURAH,Rp4.200,global cookware1,Jakarta Barat,4.9,250+ terjual
148,Seblak Instan Pedas Home Made,Rp3.500,the Dhecip,Tangerang Selatan,4.9,3rb+ terjual
149,"Kylafood Seblak Cup Instan, Halal",Rp11.500,Brother Meat Shop,Depok,5.0,80+ terjual
